image_url;species_guess;scientific_name;common_name;iconic_taxon_name;taxon_order_name;taxon_family_name;taxon_genus_name;taxon_species_name
https://static.inaturalist.org/photos/97665/medium.jpg?1444519546;Wandering Spiders;Phoneutria;Brazilian Wandering Spiders;Arachnida;Araneae;Ctenidae;Phoneutria;
https://static.inaturalist.org/photos/153351/medium.JPG;Brazilian Wandering Spiders;Phoneutria boliviensis;;Arachnida;Araneae;Ctenidae;Phoneutria;Phoneutria boliviensis
https://static.inaturalist.org/photos/177467/medium.JPG;Phoneutria boliviensis;Phoneutria boliviensis;;Arachnida;Araneae;Ctenidae;Phoneutria;Phoneutria boliviensis
https://static.inaturalist.org/photos/260212/medium.jpeg?1361748946;Phoneutria boliviensis;Phoneutria boliviensis;;Arachnida;Araneae;Ctenidae;Phoneutria;Phoneutria boliviensis
https://static.inaturalist.org/photos/634704/medium.JPG?1389469402;Phoneutria nigriventer;Phoneutria nigriventer;;Arachnida;Araneae;Ctenidae;Phoneutria;Phoneutria nigriventer
https://static.inaturalist.org/photos/663543/medium.JPG?1391565454;Brazilian Wandering Spiders;Phoneutria;Brazilian Wandering Spiders;Arachnida;Araneae;Ctenidae;Phoneutria;
https://static.inaturalist.org/photos/663544/medium.JPG?1391565494;Brazilian Wandering Spiders;Phoneutria;Brazilian Wandering Spiders;Arachnida;Araneae;Ctenidae;Phoneutria;
https://static.inaturalist.org/photos/782548/medium.jpg?1397401346;Phoneutria boliviensis;Phoneutria boliviensis;;Arachnida;Araneae;Ctenidae;Phoneutria;Phoneutria boliviensis
https://static.inaturalist.org/photos/1036763/medium.png?1407457165;Brazilian Wandering Spiders;Phoneutria;Brazilian Wandering Spiders;Arachnida;Araneae;Ctenidae;Phoneutria;
https://static.inaturalist.org/photos/1154910/medium.JPG?1412265066;Phoneutria nigriventer;Phoneutria nigriventer;;Arachnida;Araneae;Ctenidae;Phoneutria;Phoneutria nigriventer
https://static.inaturalist.org/photos/1157585/medium.JPG?1412377428;Phoneutria nigriventer;Phoneutria nigriventer;;Arachnida;Araneae;Ctenidae;Phoneutria;Phoneutria nigriventer
https://static.inaturalist.org/photos/1455913/medium.jpg?1444689727;Wandering Spiders;Phoneutria;Brazilian Wandering Spiders;Arachnida;Araneae;Ctenidae;Phoneutria;
https://static.inaturalist.org/photos/1643068/medium.JPG?1426966640;Phoneutria fera;Phoneutria fera;;Arachnida;Araneae;Ctenidae;Phoneutria;Phoneutria fera
https://static.inaturalist.org/photos/1654532/medium.JPG?1427235908;Phoneutria boliviensis;Phoneutria boliviensis;;Arachnida;Araneae;Ctenidae;Phoneutria;Phoneutria boliviensis
https://static.inaturalist.org/photos/2183494/medium.jpg?1437873343;Wandering Spiders;Phoneutria;Brazilian Wandering Spiders;Arachnida;Araneae;Ctenidae;Phoneutria;
https://static.inaturalist.org/photos/2887856/medium.jpg?1452943448;Brazilian Wandering Spiders;Phoneutria;Brazilian Wandering Spiders;Arachnida;Araneae;Ctenidae;Phoneutria;
https://static.inaturalist.org/photos/3000468/medium.JPG?1455218507;Brazilian wandering spiders;Phoneutria;Brazilian Wandering Spiders;Arachnida;Araneae;Ctenidae;Phoneutria;
https://static.inaturalist.org/photos/4459827/medium.jpeg?1470514412;Wolf Spiders and Allies;Phoneutria;Brazilian Wandering Spiders;Arachnida;Araneae;Ctenidae;Phoneutria;
https://static.inaturalist.org/photos/4913977/medium.jpg?1474122971;Brazilian wandering spiders;Phoneutria;Brazilian Wandering Spiders;Arachnida;Araneae;Ctenidae;Phoneutria;
https://static.inaturalist.org/photos/6366158/medium.jpeg?1487900037;Brazilian Wandering Spiders;Phoneutria;Brazilian Wandering Spiders;Arachnida;Araneae;Ctenidae;Phoneutria;
https://static.inaturalist.org/photos/7446941/medium.jpeg?1493169721;Phoneutria nigriventer;Phoneutria nigriventer;;Arachnida;Araneae;Ctenidae;Phoneutria;Phoneutria nigriventer
https://static.inaturalist.org/photos/9366985/medium.jpg?1501270864;Aranhas-armadeiras;Phoneutria;Brazilian Wandering Spiders;Arachnida;Araneae;Ctenidae;Phoneutria;
https://static.inaturalist.org/photos/9914695/medium.jpg?1503336824;Brazilian Wandering Spiders;Phoneutria;Brazilian Wandering Spiders;Arachnida;Araneae;Ctenidae;Phoneutria;
https://static.inaturalist.org/photos/10971687/medium.jpg?1507230146;Phoneutria fera;Phoneutria fera;;Arachnida;Araneae;Ctenidae;Phoneutria;Phoneutria fera
https://static.inaturalist.org/photos/11023811/medium.jpg?1507424904;Aranhas-armadeiras;Phoneutria;Brazilian Wandering Spiders;Arachnida;Araneae;Ctenidae;Phoneutria;
https://static.inaturalist.org/photos/11818714/medium.jpg?1510632613;Phoneutria boliviensis;Phoneutria boliviensis;;Arachnida;Araneae;Ctenidae;Phoneutria;Phoneutria boliviensis
https://static.inaturalist.org/photos/11824535/medium.jpg?1510677968;Phoneutria boliviensis;Phoneutria boliviensis;;Arachnida;Araneae;Ctenidae;Phoneutria;Phoneutria boliviensis
https://static.inaturalist.org/photos/12015804/medium.jpeg?1511566234;Phoneutria nigriventer;Phoneutria nigriventer;;Arachnida;Araneae;Ctenidae;Phoneutria;Phoneutria nigriventer
https://static.inaturalist.org/photos/12482108/medium.jpg?1513852981;Aranhas-armadeiras;Phoneutria;Brazilian Wandering Spiders;Arachnida;Araneae;Ctenidae;Phoneutria;
https://static.inaturalist.org/photos/12482109/medium.jpg?1513852986;Aranhas-armadeiras;Phoneutria;Brazilian Wandering Spiders;Arachnida;Araneae;Ctenidae;Phoneutria;
https://static.inaturalist.org/photos/12482110/medium.jpg?1513852991;Aranhas-armadeiras;Phoneutria;Brazilian Wandering Spiders;Arachnida;Araneae;Ctenidae;Phoneutria;
https://static.inaturalist.org/photos/12482115/medium.jpg?1513853012;Aranhas-armadeiras;Phoneutria;Brazilian Wandering Spiders;Arachnida;Araneae;Ctenidae;Phoneutria;
https://static.inaturalist.org/photos/12482117/medium.jpg?1513853025;Aranhas-armadeiras;Phoneutria;Brazilian Wandering Spiders;Arachnida;Araneae;Ctenidae;Phoneutria;
https://static.inaturalist.org/photos/12494513/medium.jpg?1513946420;Aranhas-armadeiras;Phoneutria;Brazilian Wandering Spiders;Arachnida;Araneae;Ctenidae;Phoneutria;
https://static.inaturalist.org/photos/12874134/medium.jpg?1515885947;Brazilian Wandering Spiders;Phoneutria;Brazilian Wandering Spiders;Arachnida;Araneae;Ctenidae;Phoneutria;
https://static.inaturalist.org/photos/14299164/medium.jpeg?1521506428;Phoneutria boliviensis;Phoneutria boliviensis;;Arachnida;Araneae;Ctenidae;Phoneutria;Phoneutria boliviensis
https://static.inaturalist.org/photos/17379221/medium.jpeg?1525397479;Aranhas-armadeiras;Phoneutria;Brazilian Wandering Spiders;Arachnida;Araneae;Ctenidae;Phoneutria;
https://static.inaturalist.org/photos/19596673/medium.jpeg?1528820899;Phoneutria boliviensis;Phoneutria boliviensis;;Arachnida;Araneae;Ctenidae;Phoneutria;Phoneutria boliviensis
https://static.inaturalist.org/photos/19622225/medium.jpeg?1528851621;Aranhas-armadeiras;Phoneutria;Brazilian Wandering Spiders;Arachnida;Araneae;Ctenidae;Phoneutria;
https://static.inaturalist.org/photos/21341667/medium.jpg?1531600099;Brazilian Wandering Spiders;Phoneutria;Brazilian Wandering Spiders;Arachnida;Araneae;Ctenidae;Phoneutria;
https://static.inaturalist.org/photos/21484740/medium.jpg?1531803559;Phoneutria;Phoneutria;Brazilian Wandering Spiders;Arachnida;Araneae;Ctenidae;Phoneutria;
https://static.inaturalist.org/photos/22795983/medium.jpg?1533754680;Phoneutria boliviensis;Phoneutria boliviensis;;Arachnida;Araneae;Ctenidae;Phoneutria;Phoneutria boliviensis
https://static.inaturalist.org/photos/22966495/medium.jpeg?1534031743;Phoneutria boliviensis;Phoneutria boliviensis;;Arachnida;Araneae;Ctenidae;Phoneutria;Phoneutria boliviensis
https://static.inaturalist.org/photos/25574940/medium.jpg?1537942076;Phoneutria boliviensis;Phoneutria boliviensis;;Arachnida;Araneae;Ctenidae;Phoneutria;Phoneutria boliviensis
https://static.inaturalist.org/photos/28883684/medium.jpg?1544059320;Brazilian Wandering Spiders;Phoneutria;Brazilian Wandering Spiders;Arachnida;Araneae;Ctenidae;Phoneutria;
https://static.inaturalist.org/photos/29285384/medium.jpg?1545145978;Phoneutria eickstedtae;Phoneutria eickstedtae;;Arachnida;Araneae;Ctenidae;Phoneutria;Phoneutria eickstedtae
https://static.inaturalist.org/photos/30372786/medium.jpeg?1547842219;Aranhas-armadeiras;Phoneutria;Brazilian Wandering Spiders;Arachnida;Araneae;Ctenidae;Phoneutria;
https://static.inaturalist.org/photos/30414266/medium.jpg?1547937645;Phoneutria boliviensis;Phoneutria boliviensis;;Arachnida;Araneae;Ctenidae;Phoneutria;Phoneutria boliviensis
https://static.inaturalist.org/photos/30450590/medium.jpg?1548012383;Phoneutria boliviensis;Phoneutria boliviensis;;Arachnida;Araneae;Ctenidae;Phoneutria;Phoneutria boliviensis
https://static.inaturalist.org/photos/31025713/medium.jpeg?1549330509;Brazilian Wandering Spiders;Phoneutria;Brazilian Wandering Spiders;Arachnida;Araneae;Ctenidae;Phoneutria;
https://static.inaturalist.org/photos/32297969/medium.jpg?1551654792;Brazilian Wandering Spiders;Phoneutria;Brazilian Wandering Spiders;Arachnida;Araneae;Ctenidae;Phoneutria;
https://static.inaturalist.org/photos/32499893/medium.jpg?1552007266;Phoneutria nigriventer;Phoneutria nigriventer;;Arachnida;Araneae;Ctenidae;Phoneutria;Phoneutria nigriventer
https://static.inaturalist.org/photos/32553880/medium.jpeg?1552096505;Aranhas-armadeiras;Phoneutria;Brazilian Wandering Spiders;Arachnida;Araneae;Ctenidae;Phoneutria;
https://static.inaturalist.org/photos/32744978/medium.jpeg?1552422768;Phoneutria;Phoneutria;Brazilian Wandering Spiders;Arachnida;Araneae;Ctenidae;Phoneutria;
https://static.inaturalist.org/photos/32745082/medium.jpeg?1552422868;Phoneutria;Phoneutria;Brazilian Wandering Spiders;Arachnida;Araneae;Ctenidae;Phoneutria;
https://static.inaturalist.org/photos/32779658/medium.jpeg?1552494909;Arañas Bananeras;Phoneutria;Brazilian Wandering Spiders;Arachnida;Araneae;Ctenidae;Phoneutria;
https://static.inaturalist.org/photos/33952896/medium.jpeg?1554219803;Brazilian Wandering Spiders;Phoneutria;Brazilian Wandering Spiders;Arachnida;Araneae;Ctenidae;Phoneutria;
https://static.inaturalist.org/photos/33953059/medium.jpg?1554219977;Brazilian Wandering Spiders;Phoneutria;Brazilian Wandering Spiders;Arachnida;Araneae;Ctenidae;Phoneutria;
https://static.inaturalist.org/photos/2884743/medium.JPG?1452866270;Phoneutria boliviensis;Phoneutria boliviensis;;Arachnida;Araneae;Ctenidae;Phoneutria;Phoneutria boliviensis
https://static.inaturalist.org/photos/3040990/medium.jpg?1456010112;Phoneutria nigriventer;Phoneutria nigriventer;;Arachnida;Araneae;Ctenidae;Phoneutria;Phoneutria nigriventer
https://static.inaturalist.org/photos/5180632/medium.jpg?1476107795;Phoneutria boliviensis;Phoneutria boliviensis;;Arachnida;Araneae;Ctenidae;Phoneutria;Phoneutria boliviensis
https://static.inaturalist.org/photos/5467987/medium.jpg?1478616897;Aranhas-armadeiras;Phoneutria;Brazilian Wandering Spiders;Arachnida;Araneae;Ctenidae;Phoneutria;
https://static.inaturalist.org/photos/5489320/medium.jpg?1478881521;Brazilian wandering spiders;Phoneutria;Brazilian Wandering Spiders;Arachnida;Araneae;Ctenidae;Phoneutria;
https://static.inaturalist.org/photos/6697180/medium.jpg?1490361814;;Phoneutria;Brazilian Wandering Spiders;Arachnida;Araneae;Ctenidae;Phoneutria;
https://static.inaturalist.org/photos/6821538/medium.jpg?1491067503;Phoneutria boliviensis;Phoneutria boliviensis;;Arachnida;Araneae;Ctenidae;Phoneutria;Phoneutria boliviensis
https://static.inaturalist.org/photos/6968006/medium.jpg?1491791645;Aranhas-armadeiras;Phoneutria boliviensis;;Arachnida;Araneae;Ctenidae;Phoneutria;Phoneutria boliviensis
https://static.inaturalist.org/photos/7092982/medium.jpg?1492267885;Phoneutria fera;Phoneutria fera;;Arachnida;Araneae;Ctenidae;Phoneutria;Phoneutria fera
https://static.inaturalist.org/photos/7686345/medium.jpg?1494216903;Brazilian wandering spiders;Phoneutria;Brazilian Wandering Spiders;Arachnida;Araneae;Ctenidae;Phoneutria;
https://static.inaturalist.org/photos/7686354/medium.jpeg?1494216924;Brazilian Wandering Spiders;Phoneutria;Brazilian Wandering Spiders;Arachnida;Araneae;Ctenidae;Phoneutria;
https://static.inaturalist.org/photos/8216383/medium.jpeg?1496590050;Brazilian Wandering Spiders;Phoneutria;Brazilian Wandering Spiders;Arachnida;Araneae;Ctenidae;Phoneutria;
https://static.inaturalist.org/photos/12431529/medium.jpg?1513558245;Brazilian Wandering Spiders;Phoneutria;Brazilian Wandering Spiders;Arachnida;Araneae;Ctenidae;Phoneutria;
https://static.inaturalist.org/photos/12796371/medium.jpg?1515468805;Phoneutria boliviensis;Phoneutria boliviensis;;Arachnida;Araneae;Ctenidae;Phoneutria;Phoneutria boliviensis
https://static.inaturalist.org/photos/12982447/medium.jpg?1516315714;Phoneutria boliviensis;Phoneutria boliviensis;;Arachnida;Araneae;Ctenidae;Phoneutria;Phoneutria boliviensis
https://static.inaturalist.org/photos/13030597/medium.jpg?1516552300;Brazilian Wandering Spiders;Phoneutria;Brazilian Wandering Spiders;Arachnida;Araneae;Ctenidae;Phoneutria;
https://static.inaturalist.org/photos/13030719/medium.jpg?1516552728;Brazilian Wandering Spiders;Phoneutria;Brazilian Wandering Spiders;Arachnida;Araneae;Ctenidae;Phoneutria;
https://static.inaturalist.org/photos/13451944/medium.jpeg?1518380361;Brazilian Wandering Spiders;Phoneutria;Brazilian Wandering Spiders;Arachnida;Araneae;Ctenidae;Phoneutria;
https://static.inaturalist.org/photos/13452693/medium.jpeg?1518382225;Spiders;Phoneutria;Brazilian Wandering Spiders;Arachnida;Araneae;Ctenidae;Phoneutria;
https://static.inaturalist.org/photos/19747442/medium.jpg?1529079654;Phoneutria boliviensis;Phoneutria boliviensis;;Arachnida;Araneae;Ctenidae;Phoneutria;Phoneutria boliviensis
https://static.inaturalist.org/photos/20709241/medium.jpeg?1530586712;Phoneutria nigriventer;Phoneutria nigriventer;;Arachnida;Araneae;Ctenidae;Phoneutria;Phoneutria nigriventer
https://static.inaturalist.org/photos/22779246/medium.jpg?1533734682;Aranhas-armadeiras;Phoneutria;Brazilian Wandering Spiders;Arachnida;Araneae;Ctenidae;Phoneutria;
https://static.inaturalist.org/photos/29275487/medium.jpg?1545104905;Wandering Spiders;Phoneutria;Brazilian Wandering Spiders;Arachnida;Araneae;Ctenidae;Phoneutria;
https://static.inaturalist.org/photos/29571851/medium.jpg?1545904730;Phoneutria nigriventer;Phoneutria nigriventer;;Arachnida;Araneae;Ctenidae;Phoneutria;Phoneutria nigriventer
https://static.inaturalist.org/photos/30991864/medium.jpg?1549248073;Phoneutria nigriventer;Phoneutria nigriventer;;Arachnida;Araneae;Ctenidae;Phoneutria;Phoneutria nigriventer
https://static.inaturalist.org/photos/31048744/medium.jpg?1549387275;Brazilian Wandering Spiders;Phoneutria;Brazilian Wandering Spiders;Arachnida;Araneae;Ctenidae;Phoneutria;
https://static.inaturalist.org/photos/32190861/medium.jpeg?1551487084;Phoneutria boliviensis;Phoneutria boliviensis;;Arachnida;Araneae;Ctenidae;Phoneutria;Phoneutria boliviensis
https://static.inaturalist.org/photos/33939903/medium.jpg?1554194339;;Phoneutria;Brazilian Wandering Spiders;Arachnida;Araneae;Ctenidae;Phoneutria;
https://static.inaturalist.org/photos/8641007/medium.jpg?1498413904;Brazilian Wandering Spiders;Phoneutria boliviensis;;Arachnida;Araneae;Ctenidae;Phoneutria;Phoneutria boliviensis
https://static.inaturalist.org/photos/9089060/medium.jpeg?1500227471;Brazilian wandering spiders;Phoneutria;Brazilian Wandering Spiders;Arachnida;Araneae;Ctenidae;Phoneutria;
https://static.inaturalist.org/photos/8911201/medium.jpeg?1499523177;Brazilian wandering spiders;Phoneutria;Brazilian Wandering Spiders;Arachnida;Araneae;Ctenidae;Phoneutria;
https://static.inaturalist.org/photos/8997289/medium.jpg?1499815810;;Phoneutria fera;;Arachnida;Araneae;Ctenidae;Phoneutria;Phoneutria fera
https://static.inaturalist.org/photos/9040245/medium.jpg?1500002505;Brazilian wandering spiders;Phoneutria;Brazilian Wandering Spiders;Arachnida;Araneae;Ctenidae;Phoneutria;
https://static.inaturalist.org/photos/9045178/medium.jpg?1500043493;Brazilian wandering spiders;Phoneutria;Brazilian Wandering Spiders;Arachnida;Araneae;Ctenidae;Phoneutria;
https://static.inaturalist.org/photos/9147353/medium.jpg?1500434283;Brazilian Wandering Spiders;Phoneutria fera;;Arachnida;Araneae;Ctenidae;Phoneutria;Phoneutria fera
https://static.inaturalist.org/photos/9182705/medium.jpg?1500579541;Phoneutria boliviensis;Phoneutria boliviensis;;Arachnida;Araneae;Ctenidae;Phoneutria;Phoneutria boliviensis
https://static.inaturalist.org/photos/9241549/medium.jpeg?1500816825;Phoneutria;Phoneutria;Brazilian Wandering Spiders;Arachnida;Araneae;Ctenidae;Phoneutria;
https://static.inaturalist.org/photos/9829894/medium.jpeg?1503009573;Brazilian wandering spiders;Phoneutria;Brazilian Wandering Spiders;Arachnida;Araneae;Ctenidae;Phoneutria;
https://static.inaturalist.org/photos/11217987/medium.jpeg?1508147038;Brazilian wandering spiders;Phoneutria;Brazilian Wandering Spiders;Arachnida;Araneae;Ctenidae;Phoneutria;
https://static.inaturalist.org/photos/11438219/medium.jpeg?1509036703;Brazilian Wandering Spiders;Phoneutria;Brazilian Wandering Spiders;Arachnida;Araneae;Ctenidae;Phoneutria;
https://static.inaturalist.org/photos/11456538/medium.jpg?1509113616;Brazilian Wandering Spiders;Phoneutria;Brazilian Wandering Spiders;Arachnida;Araneae;Ctenidae;Phoneutria;
https://static.inaturalist.org/photos/11759604/medium.jpg?1510374082;Phoneutria boliviensis;Phoneutria boliviensis;;Arachnida;Araneae;Ctenidae;Phoneutria;Phoneutria boliviensis
https://static.inaturalist.org/photos/11990416/medium.jpg?1511457027;;Phoneutria;Brazilian Wandering Spiders;Arachnida;Araneae;Ctenidae;Phoneutria;
https://static.inaturalist.org/photos/12391949/medium.jpg?1513339481;Brazilian Wandering Spiders;Phoneutria boliviensis;;Arachnida;Araneae;Ctenidae;Phoneutria;Phoneutria boliviensis
https://static.inaturalist.org/photos/12502266/medium.jpg?1513989372;Wandering Spiders;Phoneutria;Brazilian Wandering Spiders;Arachnida;Araneae;Ctenidae;Phoneutria;
https://static.inaturalist.org/photos/12757527/medium.jpg?1515299201;Entelegynae;Phoneutria;Brazilian Wandering Spiders;Arachnida;Araneae;Ctenidae;Phoneutria;
https://static.inaturalist.org/photos/12808274/medium.jpg?1515540626;Phoneutria boliviensis;Phoneutria boliviensis;;Arachnida;Araneae;Ctenidae;Phoneutria;Phoneutria boliviensis
https://static.inaturalist.org/photos/13784734/medium.jpg?1519766110;Phoneutria boliviensis;Phoneutria boliviensis;;Arachnida;Araneae;Ctenidae;Phoneutria;Phoneutria boliviensis
https://static.inaturalist.org/photos/15051186/medium.jpeg?1523406174;Phoneutria reidyi;Phoneutria reidyi;;Arachnida;Araneae;Ctenidae;Phoneutria;Phoneutria reidyi
https://static.inaturalist.org/photos/15842365/medium.jpg?1524173274;Phoneutria;Phoneutria;Brazilian Wandering Spiders;Arachnida;Araneae;Ctenidae;Phoneutria;
https://static.inaturalist.org/photos/22523264/medium.jpeg?1533325346;Phoneutria boliviensis;Phoneutria boliviensis;;Arachnida;Araneae;Ctenidae;Phoneutria;Phoneutria boliviensis
https://static.inaturalist.org/photos/25521190/medium.jpg?1537849763;Phoneutria;Phoneutria;Brazilian Wandering Spiders;Arachnida;Araneae;Ctenidae;Phoneutria;
https://static.inaturalist.org/photos/26988538/medium.jpg?1540113028;Brazilian Wandering Spiders;Phoneutria;Brazilian Wandering Spiders;Arachnida;Araneae;Ctenidae;Phoneutria;
https://static.inaturalist.org/photos/12757527/medium.jpg?1515299201;Entelegynae;Phoneutria;Brazilian Wandering Spiders;Arachnida;Araneae;Ctenidae;Phoneutria;
https://static.inaturalist.org/photos/12768370/medium.jpg?1515353861;Brazilian Wandering Spiders;Phoneutria;Brazilian Wandering Spiders;Arachnida;Araneae;Ctenidae;Phoneutria;
https://static.inaturalist.org/photos/12816431/medium.jpeg?1515594219;Phoneutria boliviensis;Phoneutria boliviensis;;Arachnida;Araneae;Ctenidae;Phoneutria;Phoneutria boliviensis
https://static.inaturalist.org/photos/12923865/medium.jpg?1516075694;Phoneutria boliviensis;Phoneutria boliviensis;;Arachnida;Araneae;Ctenidae;Phoneutria;Phoneutria boliviensis
https://static.inaturalist.org/photos/12923913/medium.jpg?1516075774;Phoneutria boliviensis;Phoneutria boliviensis;;Arachnida;Araneae;Ctenidae;Phoneutria;Phoneutria boliviensis
https://static.inaturalist.org/photos/12964814/medium.jpg?1516229635;Brazilian Wandering Spiders;Phoneutria;Brazilian Wandering Spiders;Arachnida;Araneae;Ctenidae;Phoneutria;
https://static.inaturalist.org/photos/13286322/medium.jpg?1517651331;Phoneutria boliviensis;Phoneutria boliviensis;;Arachnida;Araneae;Ctenidae;Phoneutria;Phoneutria boliviensis
https://static.inaturalist.org/photos/13479992/medium.jpg?1518489406;Brazilian Wandering Spiders;Phoneutria;Brazilian Wandering Spiders;Arachnida;Araneae;Ctenidae;Phoneutria;
https://static.inaturalist.org/photos/13693695/medium.jpg?1519414856;Brazilian Wandering Spiders;Phoneutria;Brazilian Wandering Spiders;Arachnida;Araneae;Ctenidae;Phoneutria;
https://static.inaturalist.org/photos/13914589/medium.jpg?1520245434;Brazilian Wandering Spiders;Phoneutria;Brazilian Wandering Spiders;Arachnida;Araneae;Ctenidae;Phoneutria;
https://static.inaturalist.org/photos/14368436/medium.jpeg?1521733072;Phoneutria boliviensis;Phoneutria boliviensis;;Arachnida;Araneae;Ctenidae;Phoneutria;Phoneutria boliviensis
https://static.inaturalist.org/photos/14674219/medium.jpg?1522547838;Aranhas-armadeiras;Phoneutria;Brazilian Wandering Spiders;Arachnida;Araneae;Ctenidae;Phoneutria;
https://static.inaturalist.org/photos/14674327/medium.jpg?1522547948;Aranhas-armadeiras;Phoneutria;Brazilian Wandering Spiders;Arachnida;Araneae;Ctenidae;Phoneutria;
https://static.inaturalist.org/photos/14674897/medium.jpg?1522548762;Aranhas-armadeiras;Phoneutria;Brazilian Wandering Spiders;Arachnida;Araneae;Ctenidae;Phoneutria;
https://static.inaturalist.org/photos/14674191/medium.jpg?1522547800;Aranhas-armadeiras;Phoneutria;Brazilian Wandering Spiders;Arachnida;Araneae;Ctenidae;Phoneutria;
https://static.inaturalist.org/photos/14858613/medium.jpeg?1522974808;Phoneutria boliviensis;Phoneutria boliviensis;;Arachnida;Araneae;Ctenidae;Phoneutria;Phoneutria boliviensis
https://static.inaturalist.org/photos/15472629/medium.jpeg?1523833215;Aranhas-armadeiras;Phoneutria;Brazilian Wandering Spiders;Arachnida;Araneae;Ctenidae;Phoneutria;
https://static.inaturalist.org/photos/15743853/medium.jpeg?1524082775;Brazilian Wandering Spiders;Phoneutria;Brazilian Wandering Spiders;Arachnida;Araneae;Ctenidae;Phoneutria;
https://static.inaturalist.org/photos/15743927/medium.jpeg?1524082817;Brazilian Wandering Spiders;Phoneutria;Brazilian Wandering Spiders;Arachnida;Araneae;Ctenidae;Phoneutria;
https://static.inaturalist.org/photos/17460385/medium.jpeg?1525538518;Arañas bananeras;Phoneutria boliviensis;;Arachnida;Araneae;Ctenidae;Phoneutria;Phoneutria boliviensis
https://static.inaturalist.org/photos/17988980/medium.jpg?1526346110;Phoneutria boliviensis;Phoneutria boliviensis;;Arachnida;Araneae;Ctenidae;Phoneutria;Phoneutria boliviensis
https://static.inaturalist.org/photos/17989147/medium.jpg?1526346427;Phoneutria boliviensis;Phoneutria boliviensis;;Arachnida;Araneae;Ctenidae;Phoneutria;Phoneutria boliviensis
https://static.inaturalist.org/photos/18723798/medium.jpg?1527524006;Brazilian Wandering Spiders;Phoneutria boliviensis;;Arachnida;Araneae;Ctenidae;Phoneutria;Phoneutria boliviensis
https://static.inaturalist.org/photos/18915915/medium.jpeg?1527827016;Arañas bananeras;Phoneutria;Brazilian Wandering Spiders;Arachnida;Araneae;Ctenidae;Phoneutria;
https://static.inaturalist.org/photos/18961402/medium.jpeg?1527908187;Phoneutria boliviensis;Phoneutria boliviensis;;Arachnida;Araneae;Ctenidae;Phoneutria;Phoneutria boliviensis
https://static.inaturalist.org/photos/19137921/medium.jpg?1528152951;Phoneutria boliviensis;Phoneutria boliviensis;;Arachnida;Araneae;Ctenidae;Phoneutria;Phoneutria boliviensis
https://static.inaturalist.org/photos/21873566/medium.jpeg?1532395780;Aranhas-armadeiras;Phoneutria;Brazilian Wandering Spiders;Arachnida;Araneae;Ctenidae;Phoneutria;
https://static.inaturalist.org/photos/22886390/medium.jpg?1533914386;Brazilian Wandering Spiders;Phoneutria;Brazilian Wandering Spiders;Arachnida;Araneae;Ctenidae;Phoneutria;
https://static.inaturalist.org/photos/22910037/medium.jpg?1533942730;Brazilian Wandering Spiders;Phoneutria;Brazilian Wandering Spiders;Arachnida;Araneae;Ctenidae;Phoneutria;
https://static.inaturalist.org/photos/25698590/medium.jpeg?1538146162;Phoneutria boliviensis;Phoneutria boliviensis;;Arachnida;Araneae;Ctenidae;Phoneutria;Phoneutria boliviensis
https://static.inaturalist.org/photos/29182423/medium.jpeg?1544876232;Phoneutria fera;Phoneutria fera;;Arachnida;Araneae;Ctenidae;Phoneutria;Phoneutria fera
https://static.inaturalist.org/photos/31328562/medium.jpeg?1549938125;Brazilian Wandering Spiders;Phoneutria;Brazilian Wandering Spiders;Arachnida;Araneae;Ctenidae;Phoneutria;
https://static.inaturalist.org/photos/32060286/medium.jpg?1551217187;Phoneutria boliviensis;Phoneutria boliviensis;;Arachnida;Araneae;Ctenidae;Phoneutria;Phoneutria boliviensis
https://static.inaturalist.org/photos/19137921/medium.jpg?1528152951;Phoneutria boliviensis;Phoneutria boliviensis;;Arachnida;Araneae;Ctenidae;Phoneutria;Phoneutria boliviensis
https://static.inaturalist.org/photos/19425689/medium.jpg?1528575299;Brazilian Wandering Spiders;Phoneutria boliviensis;;Arachnida;Araneae;Ctenidae;Phoneutria;Phoneutria boliviensis
https://static.inaturalist.org/photos/20803804/medium.jpeg?1530746987;Brazilian Wandering Spiders;Phoneutria;Brazilian Wandering Spiders;Arachnida;Araneae;Ctenidae;Phoneutria;
https://static.inaturalist.org/photos/20853136/medium.jpg?1530825071;Phoneutria boliviensis;Phoneutria boliviensis;;Arachnida;Araneae;Ctenidae;Phoneutria;Phoneutria boliviensis
https://static.inaturalist.org/photos/21203485/medium.jpg?1531369535;Arañas bananeras;Phoneutria;Brazilian Wandering Spiders;Arachnida;Araneae;Ctenidae;Phoneutria;
https://static.inaturalist.org/photos/23122802/medium.jpeg?1534261831;Phoneutria boliviensis;Phoneutria boliviensis;;Arachnida;Araneae;Ctenidae;Phoneutria;Phoneutria boliviensis
https://static.inaturalist.org/photos/23428916/medium.jpeg?1534708656;Brazilian Wandering Spiders;Phoneutria;Brazilian Wandering Spiders;Arachnida;Araneae;Ctenidae;Phoneutria;
https://static.inaturalist.org/photos/23869014/medium.jpg?1535392260;Phoneutria boliviensis;Phoneutria boliviensis;;Arachnida;Araneae;Ctenidae;Phoneutria;Phoneutria boliviensis
https://static.inaturalist.org/photos/24343598/medium.jpeg?1536116636;Brazilian Wandering Spiders;Phoneutria;Brazilian Wandering Spiders;Arachnida;Araneae;Ctenidae;Phoneutria;
https://static.inaturalist.org/photos/28102200/medium.jpg?1542174135;Brazilian Wandering Spiders;Phoneutria;Brazilian Wandering Spiders;Arachnida;Araneae;Ctenidae;Phoneutria;
https://static.inaturalist.org/photos/29314207/medium.jpeg?1545235379;Phoneutria nigriventer;Phoneutria nigriventer;;Arachnida;Araneae;Ctenidae;Phoneutria;Phoneutria nigriventer
https://static.inaturalist.org/photos/30195093/medium.jpg?1547379431;;Phoneutria;Brazilian Wandering Spiders;Arachnida;Araneae;Ctenidae;Phoneutria;
https://static.inaturalist.org/photos/30869639/medium.jpeg?1548985748;Phoneutria boliviensis;Phoneutria boliviensis;;Arachnida;Araneae;Ctenidae;Phoneutria;Phoneutria boliviensis
https://static.inaturalist.org/photos/33093089/medium.jpeg?1553018709;Brazilian Wandering Spiders;Phoneutria;Brazilian Wandering Spiders;Arachnida;Araneae;Ctenidae;Phoneutria;
https://static.inaturalist.org/photos/24642147/medium.jpeg?1536579091;;Phoneutria;Brazilian Wandering Spiders;Arachnida;Araneae;Ctenidae;Phoneutria;
https://static.inaturalist.org/photos/25129322/medium.jpeg?1537296104;;Phoneutria;Brazilian Wandering Spiders;Arachnida;Araneae;Ctenidae;Phoneutria;
https://static.inaturalist.org/photos/25303176/medium.jpeg?1537556988;Arañas bananeras;Phoneutria;Brazilian Wandering Spiders;Arachnida;Araneae;Ctenidae;Phoneutria;
https://static.inaturalist.org/photos/25909826/medium.jpg?1538429199;Brazilian Wandering Spiders;Phoneutria;Brazilian Wandering Spiders;Arachnida;Araneae;Ctenidae;Phoneutria;
https://static.inaturalist.org/photos/27173033/medium.jpeg?1540417309;Phoneutria keyserlingi;Phoneutria keyserlingi;;Arachnida;Araneae;Ctenidae;Phoneutria;Phoneutria keyserlingi
https://static.inaturalist.org/photos/27660086/medium.jpeg?1541343702;Wandering Spiders;Phoneutria;Brazilian Wandering Spiders;Arachnida;Araneae;Ctenidae;Phoneutria;
https://static.inaturalist.org/photos/27660607/medium.jpeg?1541344621;Wandering Spiders;Phoneutria;Brazilian Wandering Spiders;Arachnida;Araneae;Ctenidae;Phoneutria;
https://static.inaturalist.org/photos/28132691/medium.jpg?1542261337;Phoneutria boliviensis;Phoneutria boliviensis;;Arachnida;Araneae;Ctenidae;Phoneutria;Phoneutria boliviensis
https://static.inaturalist.org/photos/28245450/medium.jpg?1542549058;Phoneutria nigriventer;Phoneutria nigriventer;;Arachnida;Araneae;Ctenidae;Phoneutria;Phoneutria nigriventer
https://static.inaturalist.org/photos/28502584/medium.jpg?1543151878;Phoneutria nigriventer;Phoneutria nigriventer;;Arachnida;Araneae;Ctenidae;Phoneutria;Phoneutria nigriventer
https://static.inaturalist.org/photos/28592630/medium.jpeg?1543343548;Phoneutria boliviensis;Phoneutria boliviensis;;Arachnida;Araneae;Ctenidae;Phoneutria;Phoneutria boliviensis
https://static.inaturalist.org/photos/29289679/medium.jpeg?1545157750;Arañas bananeras;Phoneutria;Brazilian Wandering Spiders;Arachnida;Araneae;Ctenidae;Phoneutria;
https://static.inaturalist.org/photos/29198954/medium.jpeg?1544915232;Aranhas-armadeiras;Phoneutria;Brazilian Wandering Spiders;Arachnida;Araneae;Ctenidae;Phoneutria;
https://static.inaturalist.org/photos/29396903/medium.jpg?1545452150;Aranhas-armadeiras;Phoneutria;Brazilian Wandering Spiders;Arachnida;Araneae;Ctenidae;Phoneutria;
https://static.inaturalist.org/photos/29683061/medium.jpg?1546174720;Phoneutria nigriventer;Phoneutria nigriventer;;Arachnida;Araneae;Ctenidae;Phoneutria;Phoneutria nigriventer
https://static.inaturalist.org/photos/29694000/medium.jpeg?1546198949;Aranhas-armadeiras;Phoneutria;Brazilian Wandering Spiders;Arachnida;Araneae;Ctenidae;Phoneutria;
https://static.inaturalist.org/photos/30046078/medium.jpg?1546999022;Phoneutria boliviensis;Phoneutria boliviensis;;Arachnida;Araneae;Ctenidae;Phoneutria;Phoneutria boliviensis
https://static.inaturalist.org/photos/31553803/medium.jpg?1550451287;Wandering Spiders;Phoneutria;Brazilian Wandering Spiders;Arachnida;Araneae;Ctenidae;Phoneutria;
https://static.inaturalist.org/photos/33136989/medium.jpg?1553091911;Phoneutria eickstedtae;Phoneutria eickstedtae;;Arachnida;Araneae;Ctenidae;Phoneutria;Phoneutria eickstedtae
https://static.inaturalist.org/photos/33435935/medium.jpeg?1553530815;Brazilian Wandering Spiders;Phoneutria;Brazilian Wandering Spiders;Arachnida;Araneae;Ctenidae;Phoneutria;
https://static.inaturalist.org/photos/33545084/medium.jpg?1553699755;Phoneutria boliviensis;Phoneutria boliviensis;;Arachnida;Araneae;Ctenidae;Phoneutria;Phoneutria boliviensis
https://static.inaturalist.org/photos/29957089/medium.jpeg?1546799289;Aranhas-armadeiras;Phoneutria;Brazilian Wandering Spiders;Arachnida;Araneae;Ctenidae;Phoneutria;
https://static.inaturalist.org/photos/29969821/medium.jpg?1546817676;Phoneutria boliviensis;Phoneutria boliviensis;;Arachnida;Araneae;Ctenidae;Phoneutria;Phoneutria boliviensis
https://static.inaturalist.org/photos/30072286/medium.jpeg?1547071286;Brazilian Wandering Spiders;Phoneutria;Brazilian Wandering Spiders;Arachnida;Araneae;Ctenidae;Phoneutria;
https://static.inaturalist.org/photos/30302890/medium.jpg?1547648382;Brazilian Wandering Spiders;Phoneutria;Brazilian Wandering Spiders;Arachnida;Araneae;Ctenidae;Phoneutria;
https://static.inaturalist.org/photos/30303019/medium.jpeg?1547648829;Phoneutria boliviensis;Phoneutria boliviensis;;Arachnida;Araneae;Ctenidae;Phoneutria;Phoneutria boliviensis
https://static.inaturalist.org/photos/30535370/medium.jpg?1548198099;Brazilian Wandering Spiders;Phoneutria;Brazilian Wandering Spiders;Arachnida;Araneae;Ctenidae;Phoneutria;
https://static.inaturalist.org/photos/30597843/medium.jpeg?1548359819;Spiders;Phoneutria;Brazilian Wandering Spiders;Arachnida;Araneae;Ctenidae;Phoneutria;
https://static.inaturalist.org/photos/30604897/medium.jpg?1548372494;Aranhas-armadeiras;Phoneutria;Brazilian Wandering Spiders;Arachnida;Araneae;Ctenidae;Phoneutria;
https://static.inaturalist.org/photos/30791351/medium.jpeg?1548800213;Aranhas-armadeiras;Phoneutria;Brazilian Wandering Spiders;Arachnida;Araneae;Ctenidae;Phoneutria;
https://static.inaturalist.org/photos/30832757/medium.jpeg?1548898477;Arañas bananeras;Phoneutria;Brazilian Wandering Spiders;Arachnida;Araneae;Ctenidae;Phoneutria;
https://static.inaturalist.org/photos/30860892/medium.jpeg?1548970489;Wandering Spiders;Phoneutria;Brazilian Wandering Spiders;Arachnida;Araneae;Ctenidae;Phoneutria;
https://static.inaturalist.org/photos/30886240/medium.jpg?1549035744;Brazilian Wandering Spiders;Phoneutria;Brazilian Wandering Spiders;Arachnida;Araneae;Ctenidae;Phoneutria;
https://static.inaturalist.org/photos/31007574/medium.jpg?1549297227;Phoneutria boliviensis;Phoneutria boliviensis;;Arachnida;Araneae;Ctenidae;Phoneutria;Phoneutria boliviensis
https://static.inaturalist.org/photos/31053847/medium.jpg?1549397338;;Phoneutria;Brazilian Wandering Spiders;Arachnida;Araneae;Ctenidae;Phoneutria;
https://static.inaturalist.org/photos/31150086/medium.jpeg?1549556170;Brazilian Wandering Spiders;Phoneutria;Brazilian Wandering Spiders;Arachnida;Araneae;Ctenidae;Phoneutria;
https://static.inaturalist.org/photos/31160610/medium.jpg?1549573902;Phoneutria boliviensis;Phoneutria boliviensis;;Arachnida;Araneae;Ctenidae;Phoneutria;Phoneutria boliviensis
https://static.inaturalist.org/photos/31319339/medium.jpg?1549921402;Aranhas-armadeiras;Phoneutria;Brazilian Wandering Spiders;Arachnida;Araneae;Ctenidae;Phoneutria;
https://static.inaturalist.org/photos/31507204/medium.jpg?1550366474;Brazilian Wandering Spiders;Phoneutria;Brazilian Wandering Spiders;Arachnida;Araneae;Ctenidae;Phoneutria;
https://static.inaturalist.org/photos/31541463/medium.jpg?1550435129;Arañas bananeras;Phoneutria;Brazilian Wandering Spiders;Arachnida;Araneae;Ctenidae;Phoneutria;
https://static.inaturalist.org/photos/31633754/medium.jpg?1550615958;Arañas bananeras;Phoneutria;Brazilian Wandering Spiders;Arachnida;Araneae;Ctenidae;Phoneutria;
https://static.inaturalist.org/photos/31636286/medium.jpg?1550619881;Arañas bananeras;Phoneutria;Brazilian Wandering Spiders;Arachnida;Araneae;Ctenidae;Phoneutria;
https://static.inaturalist.org/photos/31992237/medium.jpg?1551068633;;Phoneutria boliviensis;;Arachnida;Araneae;Ctenidae;Phoneutria;Phoneutria boliviensis
https://static.inaturalist.org/photos/32069079/medium.jpg?1551231496;Phoneutria boliviensis;Phoneutria boliviensis;;Arachnida;Araneae;Ctenidae;Phoneutria;Phoneutria boliviensis
https://static.inaturalist.org/photos/32069130/medium.jpeg?1551231557;Phoneutria boliviensis;Phoneutria boliviensis;;Arachnida;Araneae;Ctenidae;Phoneutria;Phoneutria boliviensis
https://static.inaturalist.org/photos/32316754/medium.jpeg?1551675028;Wandering Spiders;Phoneutria;Brazilian Wandering Spiders;Arachnida;Araneae;Ctenidae;Phoneutria;
https://static.inaturalist.org/photos/32378897/medium.jpg?1551792209;Entelegynae;Phoneutria eickstedtae;;Arachnida;Araneae;Ctenidae;Phoneutria;Phoneutria eickstedtae
https://static.inaturalist.org/photos/32682501/medium.jpeg?1552305743;Phoneutria nigriventer;Phoneutria nigriventer;;Arachnida;Araneae;Ctenidae;Phoneutria;Phoneutria nigriventer
https://static.inaturalist.org/photos/32681789/medium.jpeg?1552303031;Brazilian Wandering Spiders;Phoneutria;Brazilian Wandering Spiders;Arachnida;Araneae;Ctenidae;Phoneutria;
https://static.inaturalist.org/photos/32808384/medium.jpeg?1552536262;Phoneutria boliviensis;Phoneutria boliviensis;;Arachnida;Araneae;Ctenidae;Phoneutria;Phoneutria boliviensis
https://static.inaturalist.org/photos/32811671/medium.jpeg?1552545975;Phoneutria boliviensis;Phoneutria boliviensis;;Arachnida;Araneae;Ctenidae;Phoneutria;Phoneutria boliviensis
https://static.inaturalist.org/photos/33436358/medium.jpeg?1553531430;Phoneutria eickstedtae;Phoneutria eickstedtae;;Arachnida;Araneae;Ctenidae;Phoneutria;Phoneutria eickstedtae
https://static.inaturalist.org/photos/33466201/medium.jpg?1553565115;;Phoneutria fera;;Arachnida;Araneae;Ctenidae;Phoneutria;Phoneutria fera
https://static.inaturalist.org/photos/34006521/medium.jpg?1554295324;Phoneutria keyserlingi;Phoneutria keyserlingi;;Arachnida;Araneae;Ctenidae;Phoneutria;Phoneutria keyserlingi
